cpf,senha
863.547.291-82,Ntt4ySBl!1
215.748.390-04,2!!lBHrN(1
597.823.461-28,A+N0*+wxSP
917.654.028-67,WF^e8JSz+P
572.963.041-70,ipAt2cyg+7
527.041.936-06,au0TVD8q_3
210.345.789-79,eI6DVpR+&5
864.572.309-38,)X*imrUa9L
187.629.403-50,%RSiv#1t9@
657.241.839-19,x70oMoRw*%
630.728.154-53,D1F7#3Pd*W
072.963.841-31,v9ZqgMSQ&w
732.461.950-99,)Gn7!4OgJQ
591.648.023-70,i*JFlEao%7
974.368.025-00,g1gHs!GO#e
918.530.267-86,$DOsb6WcT*
647.103.895-00,$4_1oKKcgg
214.987.506-30,%mBgK8lw0P
570.862.493-00,y#3Ht%dqlu
409.523.687-65,@(0^eCaMpq
128.450.793-97,9L%753Zh^5
734.218.560-44,g)Y04SW3li
948.350.261-60,wVEr6yIr+(
159.072.638-30,5pgUh*li)W
591.207.438-23,625XRcOm+Z
154.062.789-67,q%i6KnerPd
124.870.365-08,9KjlCQIs@6
019.735.862-40,@n9xMXKhA2
219.036.574-07,0^Mh1XKnli
908.275.341-32,+0bOLqtv4i
403.958.627-10,#2jTw65!&0
253.087.619-30,A(0T6bpHfV
071.354.928-97,R6NJXmf#_j
406.158.392-15,&6M_Qi!ucN
245.783.196-28,tQmp%4AyJ(
958.367.412-55,h^8RUMI@ym
952.710.846-20,ec4JEXt3#o
619.283.750-30,!0V^IRsL!2
960.375.481-10,^a3XimWjr$
471.956.280-94,#!YkH%&p4+
543.069.781-84,%p7mYO!858
149.832.705-23,u#5rZYJs^!
572.419.068-02,+p7VFOi3^@
891.352.640-98,_#kjUdc66k
721.043.695-25,k_@1QehckG
628.350.179-68,#68gX)sj1Z
714.289.605-11,*c_8HvutM3
601.938.524-89,^7^gRqMjET
837.594.026-74,F)3ST1+u0n
015.937.684-00,a(N1TIIcxm
397.081.264-03,$1V5b&UD)m
690.214.873-22,Dxe+@Y9h&6
594.372.168-19,%%@3EMtM1C
149.302.785-97,nj66Y$phu@
591.873.240-32,_r6DCEpFzt
537.024.681-53,l!2L@zZHys
648.192.705-67,v309SGtK*3
057.389.126-59,^4_ZuO6e65
712.536.089-03,0^W!3DUsQ1
069.412.853-89,#19HS*UntZ
712.860.943-13,NgNwDJp1%1
952.067.841-76,*w4)RvmFbJ
638.701.452-26,(x2OBzB!V4
253.847.160-53,Z!j#5XiewL
905.846.127-02,h^iX9Rl63O
563.908.271-21,*2U4MAKt2h
591.740.238-88,x%0$8FPzO7
350.498.621-24,*130KxjB8T
124.358.607-90,LT)1QWOw2*
723.469.015-80,#CfGQV#z04
952.630.871-95,*9*I7TWnL&
785.916.324-19,L#79JTpGxE
812.509.743-05,VU&34XqzX_
509.168.342-98,w*6&7Ru3$F
591.084.762-76,En9xTrfoz_
387.650.429-56,3SK4u&eYM+
278.543.691-19,z$un7%Xl4w
524.861.730-80,+%mP7GIm3I
309.576.241-07,7$6HlnmnCt
960.128.374-96,%H$5LIHuMi
792.584.136-28,^0W5eU(mA@
580.796.143-93,Shl327Ink@
807.693.451-66,_i1BzhKt@&
408.956.321-60,^tAkFtlYg1
786.954.023-47,@4BR%KqiaP
703.456.821-90,$aEmC3j72C
321.456.879-55,&Jvk8+BvL1
987.614.025-67,Cf)*nXQd(2
325.167.840-07,(((7QYg!5A
635.179.082-40,CQ5P&ekf_2
540.916.278-11,*P4%HEy$1z
350.649.827-47,b^R0jaGaHZ
869.423.510-24,%21NQ6f@if
107.625.849-20,z*9g8GGydd
214.607.395-07,^@M6n7n4(8
519.478.630-10,@8bSknrAg$
582.390.647-10,z1VXI%5X^i
761.495.320-70,SiNly!Ea_2
516.042.839-98,UWz6Lo9j@2
289.435.671-46,@0$HSn^xyE
893.275.016-59,%3#dHPc3zg
487.613.095-75,T_4^#SdZIN
036.125.479-25,F$5MDoo5SW
768.029.134-96,!H1MSpj@E@
910.287.364-87,NR#45K_eB#
493.586.270-00,IKy97y8av&
394.052.716-52,vKBT+5$9!1
125.680.473-80,(#4RnTnImN
841.265.397-19,_QWXg1Cgx%
432.790.618-22,B77K^Mf6$^
786.534.920-38,#^nyaTqb67
817.452.693-55,x^%OJuPC(9
519.732.408-23,*6RfFkuwW5
261.387.954-82,&6*+Un8ykA
931.824.675-73,p+&S9Nj0Vp
165.407.982-02,!80kvNlbxA
604.328.917-22,eLcnX)4j^6
514.073.692-61,*+AY+3UmgH
528.396.074-92,s@*4u^NgH!
423.701.869-50,+3^kC*IQ6n
456.278.910-76,g)E5)JqG2$
328.567.904-29,_0!N!MFaT4
468.390.517-57,iC5Zhh04x)
284.976.015-30,r5cAjCQ(_y
482.639.107-22,+2TOuchTOo
284.653.710-08,*2fNdzLv*P
931.042.758-23,_rwq0QRd(f
469.751.208-11,^93w94C%#b
847.216.390-31,&FxCk454R5
927.183.450-04,7jhOtZzL_o
476.023.985-56,gs!1@C!gGH
760.128.349-69,7A02h7vpC#
195.203.468-05,+8BnnAl99d
349.857.260-10,G(1VnM+V%3
173.580.926-86,SYMTfFnW@1
736.825.410-71,l&Gikasb%9
135.872.460-17,^g7XE!Oe2y
042.196.375-16,*I+KuKa!^0
973.215.680-59,aYvHZvSD*2
560.271.439-16,%5u6G+zl_9
517.893.042-88,wT9pUlql!&
514.067.382-71,i68Q5FsO^A
903.582.671-02,ntJC(1Nv!$
754.183.602-80,)tJthuvv(6
246.835.107-07,Np5KN^s1N&
061.293.547-70,NZ6RiJarU)
314.079.856-39,3+o9R!qvHV
798.361.452-73,nv&M%scf!3
183.024.679-87,5gZp$5Na!f
428.791.306-03,_&8HOBumzs
650.741.823-44,%E*LeyGhJ6
341.857.629-09,(RJ24^XyzL
529.370.146-07,i!B6BVaPG*
019.742.856-85,8yKkM!Ea%0
157.648.902-76,Uq7BiVpdA$
752.419.683-00,K!6wSv#k$v
062.914.578-49,4m@@KoAk!%
285.943.107-14,9eGLzz7^^6
902.871.456-11,1WUuo1h4#u
802.764.519-02,^7RFkExmK4
539.426.187-37,&QY8IFExya
734.981.260-40,$%mYA6Ngt(
405.763.812-17,b3jMSAV#$j
629.830.147-03,&@92Vfz6(*
974.152.068-94,+mCbDCioK8
376.429.850-29,QK_tp9HzW9
705.369.421-61,$2leSEy+h@
687.103.924-40,Nu@3SUcICx
542.076.938-74,839s4aOr#1
962.381.574-37,(b!ZV(Wf63
134.850.627-07,D*Xv$2BxXC
405.178.963-20,Gw_8SZzb5a
970.842.163-40,9J6c1E8t!V
402.195.386-89,!1LXiaO@@l
067.528.419-85,nET8LzJe$4
910.248.357-23,JU&Zn5UoHf
625.740.381-26,jn8CKxbEv_
163.987.052-03,*gSN!FcmR9
147.380.962-22,&9QvEGTd0#
534.681.792-19,U(&8UMohPD
143.968.570-39,%1AfjsY7mk
293.607.145-34,#5Lzea(Ld1
541.692.780-11,z1KKOh4w$t
498.605.317-57,G5_+8iTnNo
971.568.042-94,+QV&VZQPt5
395.827.640-74,&B7b6UKhg%
279.430.185-32,mW2%FuB4z(
192.850.673-95,_1NDb)#qG0
120.536.498-60,wB+5Vy@UK_
679.235.480-56,_qJrmP0i&6
328.059.476-65,ABV1Leuwq$
341.287.506-62,N!4qMOCg40
517.690.438-10,^zMzTm65H5
815.972.043-23,Yxo2_USn_&
029.758.463-47,!8Ls6LVOM+
201.865.479-94,U%00WtZjo8
176.284.305-62,j@!ZQ@l8_2
428.951.673-46,vS^w2OxV%5
695.412.037-52,QdIvGv$^(9
136.504.287-17,%cdfKYFhI0
726.518.039-95,!oVOym2bn7
503.192.648-15,9$n*2XKpb_
213.765.849-64,O^G8+kWveC
125.693.708-86,7NSc^gbZ$m
583.471.096-48,%3RXf(z#ij
769.134.085-01,f#35A3k5Zx
839.047.162-04,_4STc+iUvq
726.850.341-53,&1Dn#Ka$HK
018.365.974-01,VM8p5Kf86@
719.234.850-32,U#x^e4RsQh
478.912.063-50,#uNp3cpff7
126.580.497-49,z6XWO#i$$c
268.417.903-40,A@*6qtWhBI
980.742.631-69,)3fZ8u5Z)x
243.960.751-70,On^30TZ3&_
853.217.609-77,^^yzZpkSU2
459.670.182-20,&4%F5+EvSA
293.547.168-73,4j2Nv1Ci*T
283.465.019-51,n(A4Tg8c*G
907.362.845-83,%3@3w3Gfev
397.501.684-10,Mr^2U9JmKB
023.768.954-56,!SV7WC5v*)
026.917.853-86,c_Z5Ege+Iz
638.540.279-74,2E$6XmauuO
783.062.514-07,0so7Fsmy)b
832.079.615-68,T%E9DYOk*r
638.157.902-12,5h@5jVa&@M
150.786.492-20,SUGn7DlY)A
697.580.214-94,i9M2zJtR+x
230.419.586-51,%dOxM+hMY8
459.723.168-46,cAc3EtJo8@
480.971.356-39,(1iaY*e%v7
348.790.561-20,dMW!6jEgZ6
596.740.328-00,J2T0mYzu*#
